id,manufacturer,model
1,"﻿RAM/ראם","ראם 1500"
2,"﻿RAM/ראם","BAW"
3,"Denza/דנזה","N7"
4,"אאודי","100"
5,"אאודי","80"
6,"אאודי","A1"
7,"אאודי","A3"
8,"אאודי","A4"
9,"אאודי","A5"
10,"אאודי","A6"
11,"אאודי","A7"
12,"אאודי","A8"
13,"אאודי","E-tron"
14,"אאודי","E-tron GT"
15,"אאודי","E-tron Q4"
16,"אאודי","E-tron Q8"
17,"אאודי","Q2"
18,"אאודי","Q3"
19,"אאודי","Q4"
20,"אאודי","Q5"
21,"אאודי","Q7"
22,"אאודי","Q8"
23,"אאודי","R8"
24,"אאודי","RS3"
25,"אאודי","RS4"
26,"אאודי","RS5"
27,"אאודי","RS6"
28,"אאודי","RS7"
29,"אאודי","RSQ3"
30,"אאודי","RSQ8"
31,"אאודי","S3"
32,"אאודי","S4"
33,"אאודי","S5"
34,"אאודי","S6"
35,"אאודי","S7"
36,"אאודי","S8"
37,"אאודי","SQ5"
38,"אאודי","SQ7"
39,"אאודי","SQ8"
40,"אאודי","SQ8 e-tron"
41,"אאודי","TT"
42,"אבארט","124 ספיידר"
43,"אבארט","500"
44,"אבארט","500c"
45,"אבארט","595"
46,"אבארט","595c"
47,"אבארט","פונטו איבו"
48,"XPENG","G3i"
49,"XPENG","G6"
50,"XPENG","G9"
51,"XPENG","P5"
52,"XPENG","P7"
53,"אולדסמוביל","אומגה"
54,"אולדסמוביל","דלתא"
55,"אולדסמוביל","קטלס"
56,"אולדסמוביל","אורורה"
57,"אוטוביאנקי","Y10"
59,"אוסטין","מאסטרו"
60,"אוסטין","מונטגו"
61,"אוסטין","מטרו"
62,"אוסטין","מיני"
63,"אופל","אדם"
64,"אופל","אומגה"
65,"אופל","אינסיגניה"
66,"אופל","אסטרה"
67,"אופל","אסטרה החדשה"
68,"אופל","גרנדלנד X"
69,"אופל","וקטרה"
70,"אופל","זאפירה"
71,"אופל","טיגרה"
72,"אופל","מוקה"
73,"אופל","מוקה X"
74,"אופל","מריבה"
75,"אופל","פרונטרה"
76,"אופל","קדט"
77,"אופל","קורסה"
78,"אופל","קסקדה"
79,"אופל","קרוסלנד X"
80,"אופל","ויוארו ארוך"
81,"אופל","ויוארו קירור"
82,"אופל","ויוארו קצר"
83,"אופל","מובאנו"
84,"אופל","קומבו"
85,"איווקו","25S18"
86,"איווקו","35C15CHC"
87,"איווקו","35S16"
88,"איווקו","50C15"
89,"איווקו","50c14v"
90,"איווקו","C15D35"
91,"איווקו","דיילי החדשה"
92,"אורה / Ora","7"
93,"אורה / Ora","Funky Cat"
94,"אורה / Ora","איווייס"
95,"אורה / Ora","U5"
96,"אורה / Ora","U6"
97,"אינפיניטי","FX30 D"
98,"אינפיניטי","FX35"
99,"אינפיניטי","FX50"
100,"אינפיניטי","G37"
101,"אינפיניטי","Q30"
102,"אינפיניטי","Q50"
103,"אינפיניטי","Q60"
104,"אינפיניטי","Q70 / M37"
105,"אינפיניטי","QX30"
106,"אינפיניטי","QX50 / EX37"
107,"אינפיניטי","QX55"
108,"אינפיניטי","QX56"
109,"אינפיניטי","QX60"
110,"אינפיניטי","QX70 / FX37"
111,"איסוזו","טרופר ארוך"
112,"איסוזו","טרופר קצר"
113,"איסוזו","רודאו"
114,"איסוזו","2X4 D-MAX"
115,"איסוזו","4X4 D-MAX"
116,"איסוזו","איפון 2X4"
117,"איסוזו","איפון 4X4"
118,"איסוזו","אקסיום"
119,"איסוזו","טנדר"
120,"איסוזו","סומו"
121,"אל.טי.איי","TXT"
122,"אל.טי.איי","מונית זוטובוס"
123,"אל.טי.איי","אל.אי.וי.סי / LEVC"
124,"אל.טי.איי","TX"
125,"אל.טי.איי","e-Camper"
126,"אלפא רומיאו","145"
127,"אלפא רומיאו","146"
128,"אלפא רומיאו","147"
129,"אלפא רומיאו","156"
130,"אלפא רומיאו","159"
131,"אלפא רומיאו","164"
132,"אלפא רומיאו","166"
133,"אלפא רומיאו","33"
134,"אלפא רומיאו","4C"
135,"אלפא רומיאו","75"
136,"אלפא רומיאו","90"
137,"אלפא רומיאו","GT"
138,"אלפא רומיאו","GTV"
139,"אלפא רומיאו","בררה"
142,"אלפא רומיאו","טונלה"
143,"אלפא רומיאו","מיטו / MITO"
144,"אלפא רומיאו","סטלויו"
145,"אלפא רומיאו","ספיידר"
146,"אלפא רומיאו","159.3.2.JTS"
147,"אלפא רומיאו","סוד"
148,"אלפא רומיאו","ספרינט"
158,"אסטון מרטין","DB11"
159,"אסטון מרטין","DB12"
160,"אסטון מרטין","DB9"
161,"אסטון מרטין","DBS"
162,"אסטון מרטין","DBX"
163,"אסטון מרטין","ואנקוויש"
165,"אסטון מרטין","ראפיד"
166,"אלפין / ALPINE","A110"
167,"אלפין / ALPINE","ב.מ.וו"
168,"אלפין / ALPINE","I7"
169,"אלפין / ALPINE","IX"
170,"אלפין / ALPINE","M1"
171,"אלפין / ALPINE","M2"
172,"אלפין / ALPINE","M3"
173,"אלפין / ALPINE","M4"
174,"אלפין / ALPINE","M5"
175,"אלפין / ALPINE","M550"
176,"אלפין / ALPINE","M6"
177,"אלפין / ALPINE","M8"
178,"אלפין / ALPINE","X1"
179,"אלפין / ALPINE","X2"
180,"אלפין / ALPINE","X3"
181,"אלפין / ALPINE","X4"
182,"אלפין / ALPINE","X5"
183,"אלפין / ALPINE","X6"
184,"אלפין / ALPINE","X6M Competition"
185,"אלפין / ALPINE","X7"
186,"אלפין / ALPINE","XM"
187,"אלפין / ALPINE","Z3"
188,"אלפין / ALPINE","Z4"
189,"אלפין / ALPINE","i3"
190,"אלפין / ALPINE","i4"
191,"אלפין / ALPINE","i5"
192,"אלפין / ALPINE","i8"
193,"אלפין / ALPINE","iX1"
194,"אלפין / ALPINE","iX3"
195,"אלפין / ALPINE","סדרה 1"
196,"אלפין / ALPINE","סדרה 2"
197,"אלפין / ALPINE","סדרה 3"
198,"אלפין / ALPINE","סדרה 3 קופה / קבריולט"
199,"אלפין / ALPINE","סדרה 4"
200,"אלפין / ALPINE","סדרה 5"
201,"אלפין / ALPINE","סדרה 6"
202,"אלפין / ALPINE","סדרה 7"
203,"אלפין / ALPINE","סדרה 8"
204,"ביואיק","אנקלייב"
205,"ביואיק","לה סייבר"
206,"ביואיק","לה קרוס"
207,"ביואיק","לוצרן"
208,"ביואיק","פארק אבניו"
209,"ביואיק","ריביירה"
210,"ביואיק","רנדוו"
212,"ביואיק","ריגל"
213,"בי.ווי.די / BYD","DOLPHIN"
214,"בי.ווי.די / BYD","Seal EV"
215,"בי.ווי.די / BYD","אטו 3"
216,"בי.ווי.די / BYD","אטו 3 / ATTO 3"
217,"האן / HAN","טאנג"
218,"האן / HAN","HAN"
219,"אף. אי. דאבליו / FEW","E-HS9"
220,"בנטלי","BE53"
221,"בנטלי","בנטיאגה"
222,"בנטלי","פליינג ספור"
223,"בנטלי","קונטיננטל GT"
295,"גרייט וול","C10"
296,"גרייט וול","Cool Bear"
297,"גרייט וול","Florid"
298,"גרייט וול","Haval H6"
299,"גרייט וול","סטיד / Steed"
325,"דונגפנג","גלורי 580"
326,"דונגפנג","C31"
327,"דונגפנג","C32"
328,"דונגפנג","C35"
329,"דונגפנג","K01H"
330,"דונגפנג","KO1"
331,"דונגפנג","KO2"
332,"דונגפנג","KO5"
333,"די.אס / DS","DS3"
334,"די.אס / DS","DS3 Crossback / קרוסבק"
335,"די.אס / DS","DS3 קבריולט"
336,"די.אס / DS","DS4"
337,"די.אס / DS","DS5"
338,"די.אס / DS","DS7 Crossback / קרוסבק"
339,"דייהטסו","YRV"
340,"דייהטסו","אפלאוז"
341,"דייהטסו","גרנדמוב"
342,"דייהטסו","טריוס"
343,"דייהטסו","מאטריה"
344,"דייהטסו","סיריון"
345,"דייהטסו","פרוזה"
346,"דייהטסו","קורה"
347,"דייהטסו","שרייד"
348,"דייהטסו","שרמנט"
349,"דייהטסו","האמר"
350,"דייהטסו","H1"
351,"דייהטסו","H2"
352,"דייהטסו","H3"
353,"דייהו","אספרו"
354,"דייהו","טאקומה"
355,"דייהו","לאנוס"
356,"דייהו","לגנזה"
357,"דייהו","מאטיס"
358,"דייהו","נובירה"
359,"דייהו","נקסייה"
360,"דייהו","סופר סלון"
361,"דייהו","סופר רייסר"
362,"דייהו","פרינס"
364,"דייהו","רייסר"
365,"הונדה","ACURA INTEGRA"
366,"הונדה","ACURA MDX"
367,"הונדה","CR-V"
368,"הונדה","CR-Z"
369,"הונדה","FR-V"
370,"הונדה","HR-V"
371,"הונדה","S 2000"
372,"הונדה","אודיסיי"
373,"הונדה","אינסייט"
374,"הונדה","אקורד"
377,"הונדה","הונדה סיטי"
379,"הונדה","סטרים"
380,"הונדה","סיוויק (עד 2006)"
381,"הונדה","סיוויק Type-R"
383,"הונדה","סיוויק הייבריד"
384,"הונדה","סיוויק סדאן החדשה"
385,"הונדה","סיוויק סטיישן"
387,"הונדה","פיילוט"
388,"הונדה","פרלוד"
389,"הונדה","שאטל"
390,"הינו HINO","300"
391,"ווי / WEY","קופי 01 / COFFEE 01"
392,"ווי / WEY","קופי 02 / COFFEE 02"
394,"וולוו","240"
395,"וולוו","244"
396,"וולוו","740/744"
397,"וולוו","745"
398,"וולוו","760"
399,"וולוו","850"
400,"וולוו","854"
401,"וולוו","855"
402,"וולוו","940"
403,"וולוו","944"
404,"וולוו","945"
405,"וולוו","960"
406,"וולוו","C30"
407,"וולוו","C40"
408,"וולוו","C70"
409,"וולוו","CX11"
410,"וולוו","EX30"
411,"וולוו","S40"
412,"וולוו","S60"
413,"וולוו","S70"
414,"וולוו","S80"
415,"וולוו","S90"
416,"וולוו","V40"
417,"וולוו","V40 הישנה"
418,"וולוו","V40 קרוס קאנטרי"
419,"וולוו","V50"
420,"וולוו","V60"
421,"וולוו","V70"
422,"וולוו","XC40"
423,"וולוו","XC60"
424,"וולוו","XC70"
425,"וולוו","XC90"
426,"וולוו","245"
427,"וולוו","264"
428,"וולוו","340/345"
429,"טויוטה","4Runner"
430,"טויוטה","BZ4X"
431,"טויוטה","C-HR"
432,"טויוטה","FJ קרוזר"
433,"טויוטה","GR86"
434,"טויוטה","GT86"
435,"טויוטה","IQ"
436,"טויוטה","MR2"
437,"טויוטה","RAV4 ארוך"
438,"טויוטה","RAV4 הייבריד"
439,"טויוטה","RAV4 קצר"
440,"טויוטה","אוולון"
441,"טויוטה","אוולון הייבריד"
442,"טויוטה","אוונסיס"
443,"טויוטה","אוונסיס ורסו"
444,"טויוטה","אוריס"
445,"טויוטה","אוריס הייבריד"
446,"טויוטה","אייגו (AYGO)"
447,"טויוטה","אייגו קרוס (AYGO X)"
448,"טויוטה","גרנד היילנדר"
449,"טויוטה","היילנדר"
450,"טויוטה","ונזה"
451,"טויוטה","ונזה (2021 ואילך)"
452,"טויוטה","ורסו"
453,"טויוטה","יאריס"
454,"טויוטה","יאריס הייבריד"
455,"טויוטה","יאריס קרוס"
456,"טויוטה","לנד קרוזר V8"
457,"טויוטה","לנד קרוזר ארוך"
458,"טויוטה","לנד קרוזר סדרה 70"
459,"טויוטה","לנד קרוזר פרדו ארוך"
460,"טויוטה","לנד קרוזר פרדו קצר"
461,"טויוטה","לנד קרוזר קצר"
462,"טויוטה","סופרה"
463,"טויוטה","סטארלט"
464,"טויוטה","סיינה"
465,"טויוטה","סיינה הייבריד"
466,"טויוטה","סליקה"
467,"טויוטה","ספייס ורסו"
468,"טויוטה","סקויה"
469,"טויוטה","פריוויה"
470,"טויוטה","פריוס"
471,"טויוטה","פריוס C הייבריד"
472,"טויוטה","פריוס פלאג-אין"
473,"טויוטה","פריוס פלוס הייבריד"
474,"טויוטה","קאמרי"
475,"טויוטה","קורולה"
476,"טויוטה","קורולה RUN-X"
477,"טויוטה","קורולה TS סטיישן"
478,"טויוטה","קורולה הייבריד"
479,"טויוטה","קורולה קרוס"
480,"טויוטה","קראון/ Crown"
481,"טויוטה","קרינה"
482,"טויוטה","הייאס ארוך"
483,"טויוטה","הייאס קצר"
484,"טויוטה","היילקס 2X4"
485,"טויוטה","היילקס 4X4"
486,"טויוטה","היילקס ויגו 2X4"
487,"טויוטה","היילקס ויגו 4X4"
488,"טויוטה","טאקומה"
489,"טויוטה","טונדרה"
490,"טויוטה","לנד קרוזר LC100"
491,"טויוטה","סולרה קבריולט"
492,"טויוטה","סיטי"
493,"טויוטה","פרואייס"
494,"טויוטה","טאטא"
495,"טויוטה","סהרה"
496,"טויוטה","סומו"
497,"טויוטה","סיירה"
498,"טויוטה","ספארי"
499,"טויוטה","207"
500,"טויוטה","טלקוליין 2X4"
501,"טויוטה","טלקוליין 4X4"
502,"טויוטה","וויה / VOYAH"
503,"טויוטה","DREAM"
504,"טויוטה","וויה פרי / VOYAH FREE"
505,"יגואר","E-Pace"
506,"יגואר","F-Pace"
507,"יגואר","F-Type"
508,"יגואר","I-Pace"
509,"יגואר","S-Type"
510,"יגואר","X-Type"
511,"יגואר","XE"
512,"יגואר","XF"
513,"יגואר","XJ"
514,"יגואר","XJ6"
515,"יגואר","XJ8"
516,"יגואר","XJR"
517,"יגואר","XK"
518,"יגואר","XKR"
519,"יגואר","דימלר"
520,"יגואר","סוברין"
521,"יונדאי","i10"
522,"יונדאי","i20"
523,"יונדאי","i20 קרוס"
524,"יונדאי","i20N"
525,"יונדאי","i25"
526,"יונדאי","i30"
527,"יונדאי","i30CW"
528,"יונדאי","i30N"
529,"יונדאי","i35"
530,"יונדאי","i40"
531,"יונדאי","iX20"
532,"יונדאי","iX35"
533,"יונדאי","iX55"
534,"יונדאי","אטוס"
535,"יונדאי","איוניק"
536,"יונדאי","איוניק 5"
537,"יונדאי","איוניק 6"
538,"יונדאי","אלנטרה (2001-2007)"
539,"יונדאי","אלנטרה (2016 ואילך)"
540,"יונדאי","אלנטרה הייבריד (2021 ואילך)"
541,"יונדאי","אקסנט (עד 2012)"
542,"יונדאי","אקסנט/ i25 החדשה (2019 ואילך)"
543,"יונדאי","באיון"
544,"יונדאי","גאלופר ארוך"
545,"יונדאי","גאלופר קצר"
546,"יונדאי","גטס"
547,"יונדאי","ולוסטר"
548,"יונדאי","וניו"
549,"יונדאי","טאראקן"
550,"יונדאי","טוסון"
552,"יונדאי","לנטרה"
553,"יונדאי","סונטה"
554,"יונדאי","סונטה N"
555,"יונדאי","סונטה הייבריד"
556,"יונדאי","סנטה פה"
557,"יונדאי","פליסדה"
558,"יונדאי","קונה"
559,"יונדאי","קונה EV"
560,"יונדאי","קופה"
561,"יונדאי","H1"
562,"יונדאי","H100"
563,"יונדאי","H100 TRUCK"
564,"יונדאי","H350"
565,"יונדאי","i800"
566,"יונדאי","אנטרקולר"
567,"יונדאי","מטריקס"
568,"יונדאי","סטאריה"
569,"יונדאי","טסלה"
570,"יונדאי","מודל 3"
571,"יונדאי","מודל S"
572,"יונדאי","מודל X"
573,"יונדאי","מודל Y"
574,"יונדאי","לאדה"
575,"יונדאי","ניבה"
576,"יונדאי","סמרה"
578,"לינקולן","LS"
579,"לינקולן","MARK LT"
580,"לינקולן","MKC"
581,"לינקולן","MKS"
582,"לינקולן","MKT"
583,"לינקולן","MKX"
584,"לינקולן","MKZ"
585,"לינקולן","אביאטור"
586,"לינקולן","זפיר"
587,"לינקולן","טאון קאר"
588,"לינקולן","נביגטור"
590,"לינקולן","A01"
591,"ליפמוטור / leapmotor","T03"
592,"לינק&קו / Lynk&Co","1"
593,"לנד רובר","דיסקברי 1"
594,"לנד רובר","דיסקברי 2"
595,"לנד רובר","דיסקברי 3"
596,"לנד רובר","דיסקברי 4"
597,"לנד רובר","דיסקברי 5"
598,"לנד רובר","דיסקברי ספורט"
599,"לנד רובר","דיפנדר"
600,"לנד רובר","פרילנדר 1"
601,"לנד רובר","פרילנדר 2"
614,"לקסוס","CS"
615,"לקסוס","CT200H"
616,"לקסוס","ES300H"
617,"לקסוס","GS250"
618,"לקסוס","GS300"
619,"לקסוס","GS300H"
620,"לקסוס","GS450H"
621,"לקסוס","GX460"
622,"לקסוס","IS250"
623,"לקסוס","IS300"
624,"לקסוס","IS300h"
625,"לקסוס","LBX"
626,"לקסוס","LC500"
627,"לקסוס","LM"
628,"לקסוס","LS400"
629,"לקסוס","LS430"
630,"לקסוס","LS460"
631,"לקסוס","LS500"
632,"לקסוס","LS500H"
633,"לקסוס","LS600HL"
634,"לקסוס","LX570"
635,"לקסוס","LX600"
636,"לקסוס","NX"
637,"לקסוס","RC"
638,"לקסוס","RX200t"
639,"לקסוס","RX300"
640,"לקסוס","RX330"
641,"לקסוס","RX350"
642,"לקסוס","RX400h"
643,"לקסוס","RX450H"
644,"לקסוס","RX500H"
645,"לקסוס","RZ450e"
646,"לקסוס","SC430"
647,"לקסוס","UX"
648,"לקסוס","GX470"
649,"למבורגיני","Revuelto"
650,"למבורגיני","אורוס"
651,"למבורגיני","הורקן"
652,"מאזדה","121"
653,"מאזדה","2"
654,"מאזדה","2 דמיו"
655,"מאזדה","3"
656,"מאזדה","323"
657,"מאזדה","323 לאנטיס"
658,"מאזדה","5"
659,"מאזדה","6"
660,"מאזדה","626"
661,"מאזדה","CX-3"
662,"מאזדה","CX-30"
663,"מאזדה","CX-5"
664,"מאזדה","CX-50"
665,"מאזדה","CX-60"
666,"מאזדה","CX-9"
667,"מאזדה","CX-90"
668,"מאזדה","MPV"
669,"מאזדה","MX-3"
670,"מאזדה","MX-30"
671,"מאזדה","MX-5"
672,"מאזדה","MX-6"
673,"מאזדה","RX-8"
674,"מאזדה","דמיו"
675,"מאזדה","טריביוט"
676,"מאזדה","פרמסי"
677,"מאזדה","קסדוס"
678,"מאזדה","B2000"
679,"מאזדה","B2500 2X4"
680,"מאזדה","B2500 4X4"
681,"מאזדה","BT50 2X4"
682,"מאזדה","BT50 4X4"
683,"מאזדה","CX-07"
684,"מאזדה","E2000"
685,"מזראטי","MC20"
686,"מזראטי","גיבלי"
687,"מזראטי","גראן-טוריסמו"
688,"מזראטי","גראן-קבריו"
689,"מזראטי","גרקאלה"
690,"מזראטי","לבנטה"
691,"מזראטי","קוואטרופורטה"
692,"מיני","JCW"
693,"מיני","ONE"
694,"מיני","פייסמן"
695,"מיני","קאנטרימן"
696,"מיני","קופה"
697,"מיני","קופר"
698,"מיני","קופר קבריולט"
699,"מיני","קלאבמן"
700,"מיני","רודסטר"
701,"מיני","מאן"
702,"מיני","TGE"
703,"מיצובישי","ASX"
704,"מיצובישי","GT3000"
705,"מיצובישי","I-MIEV"
706,"מיצובישי","אאוטלנדר"
707,"מיצובישי","אאוטלנדר PHEV"
709,"מיצובישי","אקליפס"
710,"מיצובישי","אקליפס קרוס"
711,"מיצובישי","גאלאנט"
712,"מיצובישי","גרנדיס"
713,"מיצובישי","כריזמה"
714,"מיצובישי","לנסר (עד 1993)"
715,"מיצובישי","לנסר איוולושן"
716,"מיצובישי","לנסר הדור החדש"
717,"מיצובישי","לנסר ספורטבק"
718,"מיצובישי","לנסר קלאסיק"
719,"מיצובישי","מונטרו ספורט"
720,"מיצובישי","סופר לנסר"
721,"מיצובישי","סיגמא"
722,"מיצובישי","ספייס וואגן"
723,"מיצובישי","ספייס סטאר"
724,"מיצובישי","ספייס ראנר"
729,"מיצובישי","קולט"
730,"מיצובישי","L200 האנטר 2X4"
731,"מיצובישי","L200 האנטר 4X4"
732,"מיצובישי","L300"
733,"מיצובישי","בופאלו"
734,"מיצובישי","טריטון"
735,"מיצובישי","טרייטון / L200 2X4"
736,"מיצובישי","טרייטון / L200 4X4"
737,"מיצובישי","מאגנום 2X4"
738,"מיצובישי","מאגנום 4X4"
739,"מיצובישי","ספייס גיר L400"
740,"מיצובישי","קאנטר"
741,"מרצדס","A-Class"
742,"מרצדס","B-Class"
743,"מרצדס","B-Class Taxi"
744,"מרצדס","C-Class"
745,"מרצדס","C-Class Taxi"
746,"מרצדס","C-Class קופה / קבריולט"
747,"מרצדס","CE"
748,"מרצדס","CL"
749,"מרצדס","CLA"
750,"מרצדס","CLC"
751,"מרצדס","CLE"
752,"מרצדס","CLK"
753,"מרצדס","CLS"
754,"מרצדס","E-Class"
755,"מרצדס","E-Class Taxi"
756,"מרצדס","E-Class קופה / קבריולט"
757,"מרצדס","EQA"
758,"מרצדס","EQA250 Plus"
759,"מרצדס","EQB"
760,"מרצדס","EQC"
761,"מרצדס","EQE"
762,"מרצדס","EQE SUV"
763,"מרצדס","EQS"
764,"מרצדס","EQS SUV"
765,"מרצדס","EQV"
766,"מרצדס","G Class"
767,"מרצדס","GL Class"
768,"מרצדס","GLA"
769,"מרצדס","GLB"
770,"מרצדס","GLC"
771,"מרצדס","GLC-Class קופה"
772,"מרצדס","GLE"
773,"מרצדס","GLE קופה"
774,"מרצדס","GLK Class"
775,"מרצדס","GLS Class"
776,"מרצדס","GT AMG"
777,"מרצדס","ML Class"
778,"מרצדס","R-Class"
779,"מרצדס","S-Class"
780,"מרצדס","S-Class קבריולט"
781,"מרצדס","S-Class קופה"
782,"מרצדס","SE"
783,"מרצדס","SL"
784,"מרצדס","SLC"
785,"מרצדס","SLK"
786,"מרצדס","SLS"
787,"מרצדס","V-Class"
788,"מרצדס","V-Class Taxi"
789,"מרצדס","מטריס"
790,"מרצדס","313"
791,"מרצדס","316"
792,"מרצדס","319"
793,"מרצדס","413"
794,"מרצדס","X-Class"
795,"מרצדס","אטגו"
796,"מרצדס","ואריו"
797,"מרצדס","ויאנו"
798,"מרצדס","ויטו"
799,"מרצדס","ויטו חשמלי"
800,"מרצדס","ויטו טקסי"
801,"מרצדס","יונימוג"
802,"מרצדס","סיטאן / Citan"
803,"מרצדס","ספרינטר 313/316"
804,"מרצדס","ספרינטר היסעים"
805,"מרצדס","ספרינטר מסחרי"
806,"מרצדס","מקלארן / McLaren"
807,"מרצדס","720S"
808,"מרצדס","מקסוס"
809,"מרצדס","+ אי-יוניק 5 E-uniq"
810,"מרצדס","אי-יוניק 5 E-uniq"
811,"מרצדס","אי-יוניק 6 E-uniq"
812,"מרצדס","V80"
813,"מרצדס","אי-דליבר 9"
814,"מרצדס","דליבר 3"
815,"ניסאן","370Z"
816,"ניסאן","Ariya"
817,"ניסאן","GT-R"
818,"ניסאן","SX 200"
819,"ניסאן","Z350"
820,"ניסאן","אלטימה"
821,"ניסאן","אלמרה"
822,"ניסאן","אקס טרייל"
823,"ניסאן","ארמדה"
825,"ניסאן","טידה"
826,"ניסאן","טראנו ארוך"
827,"ניסאן","טראנו קצר"
828,"ניסאן","ליף"
829,"ניסאן","מוראנו"
830,"ניסאן","מיקרה"
831,"ניסאן","מקסימה"
832,"ניסאן","נוט / NOTE"
833,"ניסאן","סאני"
834,"ניסאן","סנטרה"
836,"ניסאן","פולסר / Pulsar"
837,"ניסאן","פטרול"
838,"ניסאן","פרימרה"
839,"ניסאן","קווסט"
840,"ניסאן","קשקאי"
841,"ניסאן","קשקאי פלוס 2"
842,"ניסאן","NV200"
843,"ניסאן","אקס טרה"
844,"ניסאן","וואנט"
845,"ניסאן","ווינר 2X4"
846,"ניסאן","ווינר 4X4"
847,"ניסאן","טנדר"
848,"ניסאן","טרייד"
849,"ניסאן","לארגו 2X4"
850,"ניסאן","לארגו 4X4"
851,"ניסאן","נבארה 2X4"
852,"ניסאן","נבארה 4X4"
853,"ניסאן","סרנה 2X4"
854,"ניסאן","סרנה 4X4"
855,"ניסאן","קבסטאר"
856,"ניסאן","סאאב"
857,"ניסאן","09-מרץ"
858,"ניסאן","09-מאי"
859,"ניסאן","900"
860,"ניסאן","9000"
861,"ניסאן","קונברטיבל"
863,"ניסאן","סיטי ספיריט"
864,"ניסאן","ניאו / NIO"
865,"ניסאן","EL7"
866,"ניסאן","ES8"
867,"ניסאן","ET5"
868,"סאנגיונג","אקטיון"
869,"סאנגיונג","טיבולי"
870,"סאנגיונג","מוסו"
871,"סאנגיונג","קורנדו"
872,"סאנגיונג","קיירון"
873,"סאנגיונג","רודיוס"
874,"סאנגיונג","רקסטון"
875,"סאנגיונג","אקטיון ספורט"
876,"סאנגיונג","מוסו 2X4"
877,"סאנגיונג","מוסו 4X4"
879,"סובארו","B3 סדאן"
880,"סובארו","B4"
881,"סובארו","B9 טריבקה"
882,"סובארו","BRZ"
883,"סובארו","SVX"
884,"סובארו","XV"
885,"סובארו","אאוטבק"
886,"סובארו","אאוטבק החדשה"
887,"סובארו","אבולטיס"
888,"סובארו","אימפרזה WRX STI"
889,"סובארו","אימפרזה גרנד לאונה"
890,"סובארו","אימפרזה החדשה"
891,"סובארו","אימפרזה טורבו"
894,"סובארו","לאונה"
895,"סובארו","לבורג"
896,"סובארו","לגאסי"
897,"סובארו","פורסטר"
898,"סובארו","קרוסטרק"
899,"סובארו","E10"
900,"סובארו","E12"
901,"סובארו","GLF"
902,"סובארו","טנדר 2X4"
903,"סובארו","טנדר 4X4"
904,"סובארו","רקס"
905,"סובארו","סאנשיין"
906,"סובארו","M2"
907,"סובארו","סאן ליוינג / Sun Living"
908,"סובארו","S-SERIES"
909,"סובארו","V-SERIES"
910,"סוזוקי","SX4"
911,"סוזוקי","SX4 קרוסאובר"
912,"סוזוקי","XL7"
913,"סוזוקי","איגניס"
914,"סוזוקי","אלטו"
915,"סוזוקי","בלנו"
917,"סוזוקי","גרנד ויטרה"
918,"סוזוקי","וואגון"
919,"סוזוקי","ויטרה"
920,"סוזוקי","ליאנה"
921,"סוזוקי","מרוטי"
922,"סוזוקי","סוויפט"
923,"סוזוקי","סלריו"
924,"סוזוקי","סמוראי"
925,"סוזוקי","ספלאש"
926,"סוזוקי","X90"
927,"סוזוקי","טנדר"
928,"סוזוקי","סופר בלנו"
929,"סוזוקי","קארי"
930,"סיאט","אטקה"
931,"סיאט","איביזה"
932,"סיאט","אלהמברה"
933,"סיאט","אלתיאה"
934,"סיאט","אלתיאה XL"
935,"סיאט","ארונה"
936,"סיאט","טולדו"
937,"סיאט","טראקו"
938,"סיאט","לאון"
939,"סיאט","מי / MII"
940,"סיאט","מלגה"
941,"סיאט","קורדובה"
942,"סיאט","אינקה"
943,"סיאט","מרבלה"
944,"סיאט","קופרה אטקה"
945,"סיאט","רונדה"
946,"סיטרואן","AX"
947,"סיטרואן","C אליזה"
948,"סיטרואן","C קרוסר"
949,"סיטרואן","C-ZERO"
950,"סיטרואן","C1"
951,"סיטרואן","C2"
952,"סיטרואן","C3"
953,"סיטרואן","C3 איירקרוס"
954,"סיטרואן","C3 פיקאסו"
955,"סיטרואן","C4"
956,"סיטרואן","C4 -X"
957,"סיטרואן","C4 ספייסטורר"
958,"סיטרואן","C4 פיקאסו"
959,"סיטרואן","C4 קקטוס"
960,"סיטרואן","C5"
961,"סיטרואן","C5 איירקרוס"
962,"סיטרואן","C6"
963,"סיטרואן","C8"
964,"סיטרואן","CX"
965,"סיטרואן","DS3"
966,"סיטרואן","DS3 קבריולט"
967,"סיטרואן","DS4"
968,"סיטרואן","DS5"
969,"סיטרואן","E-C4"
970,"סיטרואן","XM"
971,"סיטרואן","ZX"
972,"סיטרואן","סקסו"
973,"סיטרואן","קסנטיה"
974,"סיטרואן","קסרה"
975,"סיטרואן","קסרה פיקאסו"
976,"סיטרואן","BX"
977,"סיטרואן","C15"
978,"סיטרואן","C15"
979,"סיטרואן","ברלינגו דור 1 (עד 2012)"
980,"סיטרואן","ברלינגו דור 2 (2008-2019)"
981,"סיטרואן","ברלינגו דור 3 (2018 ואילך)"
982,"סיטרואן","ברלינגו חשמלית"
987,"סיטרואן","ויזה"
988,"סיטרואן","נמו / Nemo"
989,"סיטרואן","סמארט"
990,"סיטרואן","#1"
991,"סיטרואן","#3"
992,"סיטרואן","בראבוס"
993,"סיטרואן","פולס"
994,"סיטרואן","פורטו"
995,"סיטרואן","פורפור"
996,"סיטרואן","פיור"
997,"סיטרואן","פשיין"
998,"סיטרואן","רודסטר"
999,"סקודה","אוקטביה"
1000,"סקודה","אוקטביה RS"
1001,"סקודה","אוקטביה ספייס"
1002,"סקודה","אניאק"
1003,"סקודה","ייטי / Yeti"
1004,"סקודה","ניו פליסיה"
1005,"סקודה","סופרב (2019 ואילך)"
1006,"סקודה","סופרב (עד 2019)"
1007,"סקודה","סיטיגו / Citigo"
1008,"סקודה","סקאלה"
1009,"סקודה","פאביה"
1010,"סקודה","פאביה ספייס"
1011,"סקודה","פורמן"
1012,"סקודה","פיבוריט"
1013,"סקודה","פליסיה"
1014,"סקודה","קאמיק"
1015,"סקודה","קארוק"
1016,"סקודה","קודיאק"
1017,"סקודה","ראפיד"
1018,"סקודה","ראפיד ספייסבק"
1019,"סקודה","רומסטר"
1020,"סקודה","אניאק קופה IV"
1021,"סקודה","ואן"
1022,"סקודה","טנדר"
1023,"סקודה","פורמן"
1024,"סנטרו","מטרו פתוח"
1025,"סנטרו","LOGISTAR 100"
1026,"סנטרו","LOGISTAR 200"
1027,"סרס / SERES","SERES 3"
1028,"סרס / SERES","SERES 5"
1029,"סקייוול","ET5"
1030,"פולקסווגן","ID.5"
1031,"פולקסווגן","ID3"
1032,"פולקסווגן","ID4"
1033,"פולקסווגן","ID6 CROZZ"
1034,"פולקסווגן","T- Roc"
1035,"פולקסווגן","T-Cross"
1036,"פולקסווגן","אטלס"
1037,"פולקסווגן","איוס"
1038,"פולקסווגן","אפ / UP"
1039,"פולקסווגן","ארטאון"
1040,"פולקסווגן","בורה"
1042,"פולקסווגן","גולף"
1043,"פולקסווגן","גולף GTE"
1044,"פולקסווגן","גולף GTI"
1045,"פולקסווגן","גולף R"
1046,"פולקסווגן","גולף ספורטוואן"
1047,"פולקסווגן","גולף פלוס"
1048,"פולקסווגן","ונטו"
1049,"פולקסווגן","חיפושית"
1050,"פולקסווגן","חיפושית החדשה"
1051,"פולקסווגן","טוארג"
1052,"פולקסווגן","טוראן"
1053,"פולקסווגן","טיגואן"
1054,"פולקסווגן","פאסאט"
1055,"פולקסווגן","פאסאט CC"
1056,"פולקסווגן","פולו"
1057,"פולקסווגן","פולו GTI"
1058,"פולקסווגן","פולו קלאסיק"
1059,"פולקסווגן","פייטון"
1060,"פולקסווגן","קוראדו"
1061,"פולקסווגן","שירוקו"
1062,"פולקסווגן","ID. Buzz"
1063,"פולקסווגן","LT"
1064,"פולקסווגן","LT 35"
1065,"פולקסווגן","אמארוק"
1066,"פולקסווגן","דרבי"
1067,"פולקסווגן","טי קרוס**"
1068,"פולקסווגן","טרנספורטר טנדר"
1069,"פולקסווגן","טרנספורטר לא פעיל"
1070,"פולקסווגן","טרנספורטר מסחרי/נוסעים"
1071,"פולקסווגן","מולטיוואן"
1072,"פולקסווגן","קאדי"
1073,"פולקסווגן","קאדי לייף"
1074,"פולקסווגן","קאדי מקסי"
1075,"פולקסווגן","קליפורניה"
1076,"פולקסווגן","קראוול"
1077,"פולקסווגן","קראפטר"
1078,"פולקסווגן","שאטל"
1079,"פונטיאק","בונוביל"
1080,"פונטיאק","גרנד אם"
1081,"פונטיאק","גרנד פרי"
1082,"פונטיאק","טמפסט"
1083,"פונטיאק","טרנס אם"
1084,"פונטיאק","סולסטיס"
1085,"פונטיאק","סנברד"
1086,"פונטיאק","פיירבירד"
1087,"פונטיאק","G-6"
1088,"פונטיאק","LE 6000"
1089,"פונטיאק","אזטק"
1090,"פורד","S-מקס"
1092,"פורד","אסקורט"
1093,"פורד","אסקייפ"
1094,"פורד","אקספדישן"
1095,"פורד","אקספלורר"
1096,"פורד","ברונקו"
1097,"פורד","גלאקסי"
1098,"פורד","טאורוס"
1099,"פורד","טרייסר"
1100,"פורד","לינקולן-MKC"
1101,"פורד","לינקולן-MKS"
1102,"פורד","לינקולן-MKT"
1103,"פורד","לינקולן-MKZ"
1104,"פורד","מונדאו"
1105,"פורד","מוסטנג"
1106,"פורד","מוסטנג MACH E"
1107,"פורד","סיירה"
1108,"פורד","סקורפיו"
1109,"פורד","פומה"
1110,"פורד","פוקוס"
1111,"פורד","פיאסטה"
1113,"פורד","קוגה"
1114,"פורד","קורטינה"
1115,"פורד","Excursion"
1116,"פורד","F-150"
1117,"פורד","F-150 לייטנינג"
1118,"פורד","F-250"
1119,"פורד","F-350"
1120,"פורד","GT"
1121,"פורד","אוריון"
1122,"פורד","אירוסטאר ארוך"
1123,"פורד","אירוסטאר קצר"
1124,"פורד","אקונוליין ארוך"
1125,"פורד","אקונוליין קצר"
1126,"פורד","ברנדה"
1127,"פורד","וינדסטאר"
1128,"פורד","טורנאו קונקט ארוך"
1129,"פורד","טורנאו קונקט קצר"
1130,"פורד","טנדרבירד"
1131,"פורד","טרנזיט"
1132,"פורד","טרנזיט קוסטום"
1133,"פורד","מאבריק"
1134,"פורד","מרקורי"
1135,"פורד","קונקט"
1136,"פורד","קורייר"
1138,"פורשה","718 בוקסטר"
1139,"פורשה","718 קאיימן"
1140,"פורשה","911 - Sport Classic"
1141,"פורשה","911 GT2 RS"
1142,"פורשה","911 GT3"
1143,"פורשה","911 GTS"
1144,"פורשה","911 טארגה"
1145,"פורשה","911 טורבו"
1146,"פורשה","911 ספידסטר"
1147,"פורשה","911 קאררה"
1148,"פורשה","בוקסטר S986"
1149,"פורשה","טייקן"
1150,"פורשה","מקאן"
1151,"פורשה","מקאן GTS"
1152,"פורשה","פאנאמרה"
1153,"פורשה","קאיין"
1154,"פורשה","קאיין טורבו"
1155,"פורשה","בוקסר S981"
1156,"פורשה","בוקסר S987"
1157,"פיאט","127"
1158,"פיאט","131"
1159,"פיאט","132"
1160,"פיאט","500"
1161,"פיאט","500C"
1162,"פיאט","500L"
1163,"פיאט","500X"
1164,"פיאט","אוליזה"
1165,"פיאט","אונו"
1166,"פיאט","אונו סיליקטה"
1167,"פיאט","אלבאה"
1168,"פיאט","בראבה"
1169,"פיאט","בראבו"
1170,"פיאט","טיפו"
1171,"פיאט","טמפרה"
1172,"פיאט","כרומה"
1173,"פיאט","לינאה"
1174,"פיאט","מולטיפלה"
1175,"פיאט","מריאה"
1177,"פיאט","פונטו (דור I)"
1178,"פיאט","פונטו איבו (דור III מתיחת פנים)"
1179,"פיאט","פונטו גרנדה (דור III)"
1180,"פיאט","פונטו ספייס (דור II)"
1181,"פיאט","פנדה"
1182,"פיאט","קופה"
1183,"פיאט","דובלו"
1184,"פיאט","דונה"
1185,"פיאט","דוקאטו ארוך"
1186,"פיאט","דוקאטו הרקולס"
1187,"פיאט","דוקאטו קצר/בינוני"
1188,"פיאט","לידו"
1189,"פיאט","סקודו"
1190,"פיאט","סקודו"
1191,"פיאט","פולבק"
1192,"פיאט","פיורינו"
1193,"פיאט","קובו / QUBO"
1194,"פיאט","רגאטה"
1195,"פיאט","ריטמו"
1245,"פורתינג / FORTHING","FRIDAY EV"
1246,"קאדילק","ATS"
1247,"קאדילק","CT5"
1248,"קאדילק","CT6"
1249,"קאדילק","CTS"
1250,"קאדילק","DTS"
1251,"קאדילק","SRX"
1252,"קאדילק","STS"
1253,"קאדילק","XLR"
1254,"קאדילק","XT4"
1255,"קאדילק","XT5"
1256,"קאדילק","XT6"
1257,"קאדילק","XTS"
1258,"קאדילק","אסקלייד"
1259,"קאדילק","סוויל"
1260,"פרארי","458"
1261,"פרארי","488 GTB"
1262,"פרארי","488 ספיידר"
1263,"פרארי","488 פיסטה"
1264,"פרארי","575 מרנלו"
1265,"פרארי","812 סופרפאסט"
1266,"פרארי","F12 ברלינטה"
1267,"פרארי","F8 טריבוטו"
1268,"פרארי","FF"
1269,"פרארי","GTB 296"
1270,"פרארי","GTC4Lusso"
1271,"פרארי","פורוסאנגווה"
1272,"פרארי","פורטופינו"
1273,"פרארי","קליפורניה"
1274,"פרארי","רומא"
1279,"קיה","EV6"
1280,"קיה","EV9"
1281,"קיה","K900"
1282,"קיה","XCEED"
1283,"קיה","אופטימה / Optima"
1284,"קיה","אופירוס"
1286,"קיה","טלורייד"
1287,"קיה","לאו"
1289,"קיה","מנטור"
1290,"קיה","נירו EV"
1291,"קיה","נירו PHEV"
1292,"קיה","נירו הייבריד"
1293,"קיה","נירו פלוס"
1294,"קיה","סול"
1295,"קיה","סורנטו"
1296,"קיה","סטוניק"
1297,"קיה","סטינגר"
1298,"קיה","סיד / CEED"
1299,"קיה","סלטוס"
1301,"קיה","ספיה"
1302,"קיה","סראטו"
1303,"קיה","פורטה"
1304,"קיה","פיקנטו"
1305,"קיה","פרייד"
1306,"קיה","קארנס"
1307,"קיה","קדנזה"
1308,"קיה","קלארוס"
1309,"קיה","קרניבל"
1310,"קיה","ריו"
1311,"קיה","שומה"
1312,"קיה","K2500"
1313,"קיה","בורנגו"
1314,"קיה","בסטה"
1315,"קיה","סופרטראק"
1316,"קיה","סרס"
1318,"קיה","קריאטו"
1319,"קרייזלר","300C"
1320,"קרייזלר","300C SRT"
1321,"קרייזלר","300M"
1322,"קרייזלר","PT קרוזר"
1325,"קרייזלר","ויזן"
1326,"קרייזלר","טאון קאנטרי"
1327,"קרייזלר","נאון"
1328,"קרייזלר","סברינג"
1329,"קרייזלר","סטרטוס"
1330,"קרייזלר","סרטוגה"
1331,"קרייזלר","פסיפיקה"
1332,"קרייזלר","קרוספייר"
1333,"קרייזלר","200"
1334,"קרייזלר","אמפריאל"
1335,"קרייזלר","קאליבר"
1336,"קופרה","אטקה"
1337,"קופרה","בורן"
1338,"קופרה","לאון"
1339,"קופרה","פורמנטור"
1340,"קארמה/ Karma","GS-6S"
1341,"רובר","214"
1342,"רובר","216"
1343,"רובר","414"
1344,"רובר","416"
1345,"רובר","420"
1346,"רובר","600"
1347,"רובר","620"
1348,"רובר","623"
1349,"רובר","825"
1350,"רובר","827"
1351,"רובר","MG VVC"
1352,"רובר","MG ZR"
1353,"רובר","MG ZS"
1354,"רובר","MG ZT"
1355,"רובר","R25"
1356,"רובר","R45"
1357,"רובר","R75"
1358,"רובר","MGF"
1359,"רנו","11"
1360,"רנו","19"
1361,"רנו","21"
1362,"רנו","9"
1363,"רנו","אסטרל"
1364,"רנו","אספאס"
1365,"רנו","ארקנה"
1366,"רנו","ארקנה הייבריד החדשה"
1367,"רנו","גרנד סניק"
1368,"רנו","וול-סאטיס"
1369,"רנו","זואי"
1370,"רנו","טווינגו"
1371,"רנו","טליה"
1372,"רנו","לגונה"
1373,"רנו","לוגאן MCV"
1374,"רנו","לטיטוד"
1375,"רנו","מגאן E-Tech"
1376,"רנו","מגאן אסטייט/ גראנד טור"
1377,"רנו","מגאן גראנד קופה"
1378,"רנו","מגאן דור 1 (1996-2004)"
1379,"רנו","מגאן דור 2 (2004-2010)"
1380,"רנו","מגאן דור 3 (2009-2017)"
1381,"רנו","מגאן קופה / ספורט"
1382,"רנו","סימבול"
1383,"רנו","סנדרו"
1384,"רנו","סניק דור 1 (1998-2004)"
1385,"רנו","סניק דור 2 (2004-2009)"
1386,"רנו","סניק דור 3 (2009-2014)"
1387,"רנו","ספרן"
1388,"רנו","פלואנס"
1389,"רנו","פלואנס חשמלי"
1391,"רנו","קוליאוס"
1392,"רנו","קליאו B"
1393,"רנו","קליאו B II"
1394,"רנו","קליאו אסטייט"
1395,"רנו","קליאו דור 1 (1992-1999)"
1396,"רנו","קליאו דור 3 (2006-2014)"
1397,"רנו","קליאו דור 4 (2013-2019)"
1398,"רנו","קליאו דור 5 (2019 ואילך)"
1400,"רנו","18"
1401,"רנו","25"
1402,"רנו","5"
1403,"רנו","אקספרס"
1404,"רנו","טראפיק ארוך"
1405,"רנו","טראפיק קצר"
1406,"רנו","מאסטר ארוך"
1407,"רנו","מאסטר קצר/בינוני"
1408,"רנו","קנגו החדשה"
1409,"רנו","קנגו (עד 2009)"
1410,"שברולט","אבאו"
1411,"שברולט","אופטרה"
1412,"שברולט","אורלנדו"
1413,"שברולט","אימפלה"
1414,"שברולט","אלרו"
1415,"שברולט","אפיקה"
1416,"שברולט","אפלנדר"
1417,"שברולט","אקווינוקס"
1418,"שברולט","בולט EV"
1419,"שברולט","בלייזר"
1420,"שברולט","בלייזר (2019 ואילך)"
1421,"שברולט","ברטה"
1422,"שברולט","וולט"
1423,"שברולט","ויואנט"
1424,"שברולט","טאהו / יוקון"
1425,"שברולט","טראוורס"
1426,"שברולט","טראקס"
1427,"שברולט","טרייל בלייזר"
1428,"שברולט","לומינה"
1429,"שברולט","מאליבו"
1430,"שברולט","מונטה קרלו"
1431,"שברולט","סוברבן"
1432,"שברולט","סוניק"
1433,"שברולט","סילברדו EV"
1434,"שברולט","סיליבריטי"
1435,"שברולט","ספארק"
1436,"שברולט","קאמארו"
1437,"שברולט","קוואליר"
1438,"שברולט","קורבט"
1439,"שברולט","קורבט Z06"
1440,"שברולט","קורסיקה"
1441,"שברולט","קפטיבה"
1442,"שברולט","קפריס"
1443,"שברולט","קרוז"
1444,"שברולט","קרוז החדשה"
1445,"שברולט","SUT"
1446,"שברולט","אסטרו"
1447,"שברולט","טנדר"
1448,"שברולט","נוואדה"
1449,"שברולט","סוואנה ארוך"
1450,"שברולט","סוואנה קצר"
1451,"שברולט","סילברדו 2500"
1452,"שברולט","סילברדו 3500"
1453,"שברולט","ספורט ואן"
1454,"שברולט","קולורדו"
1455,"שברולט","קולורדו ZR2"
1456,"שברולט","רולס רויס / Rolls Royse"
1457,"שברולט","Spectre"
1458,"טויטה","קורולה"
